name,city,age,gender
Donielle,Tymbark,88,Female
Nonah,Guardizela,83,Female
Erhart,Naga,57,Male
Carolus,Eshowe,3,Male
Suzann,Al Qanāwiş,60,Female
Russ,Kuivaniemi,72,Agender
Des,Šid,23,Agender
Paquito,Uji,72,Male
Husain,Solna,97,Male
Stefa,Llipa,94,Bigender
Eda,Hengjie,32,Female
Lauree,Sudimanik,57,Female
Josey,Riebiņi,14,Female
Basile,Sang-e Māshah,104,Male
Aridatha,Santa Quitéria,29,Female
Kathrine,Legok,57,Female
Fleming,Klau,24,Male
Sancho,Zhouhu,109,Male
Isaak,Lepaterique,72,Male
Jeremiah,Zhenghu,55,Male
Patten,Włocławek,104,Male
Stacy,Ekerö,119,Male
Denys,Okinawa,102,Bigender
Ode,Rueil-Malmaison,87,Male
Lefty,Atamanovka,98,Male
Erin,Vyazniki,103,Male
Brigg,Campos,61,Male
Lanna,Seattle,36,Female
Letti,Ordóñez,46,Female
Ardene,Usulután,94,Bigender
Bree,Kos,100,Female
Puff,Liancheng,8,Male
Catriona,Hujiagou,6,Female
Kiel,Kapenguria,96,Male
Alethea,Pamplona/Iruña,106,Female
Michale,Hartford,90,Male
Raddy,Daxi,88,Male
Kylen,Cermee,62,Female
Prinz,Zhaigang,16,Male
Antonin,Pantian,25,Male
Enos,Karinë,26,Male
Meade,Gwandu,54,Female
Jaquith,Obrera,79,Agender
Demetris,Krasae Sin,117,Male
Hanan,Houping,32,Genderfluid
Gayelord,Bangkal,113,Male
Derby,Toulon,21,Male
Foster,Kedung,111,Male
Remus,Mayantoc,80,Male
Erwin,Крушопек,12,Male
Berti,Dębów,89,Male
Evey,Chishui,89,Female
Cullie,Dietaisi,58,Male
Evangelina,Municipio de Copacabana,81,Female
Madeline,Ipoh,9,Female
Welch,Mników,63,Male
William,Labytnangi,30,Male
Maynord,Krajan,14,Male
Obed,Gimry,11,Male
Hannah,Slavgorod,66,Female
Bran,Bella Vista,35,Male
Ariadne,Si Thep,68,Female
Kaitlin,Wukari,88,Agender
Leif,Mesógi,89,Male
Dulciana,Bela Vista do Paraíso,49,Female
Sharai,Yakovlevo,37,Female
Stanly,Milton,29,Male
Natal,Matatiele,19,Male
Fiann,Vällingby,4,Female
Palm,Kudamatsu,45,Male
Niles,Luboń,51,Male
Brander,Chumikan,33,Male
Lyndsay,Karbunara e Vogël,34,Female
Bevan,Bolian,105,Male
Alaric,Naga,80,Male
Cullen,Varaždin,72,Male
Ad,Flushing,27,Male
Roma,Gaoqiao,32,Male
Leonerd,Dayton,24,Male
Shaine,Tarikolot,45,Male
Emanuele,Gaoqiao,40,Male
Imogen,Shatoujiao,58,Female
Giffy,Kaset Wisai,55,Male
Marie-jeanne,Brescia,101,Female
Abbie,Naikoten Dua,96,Male
Diego,Mirandopólis,61,Male
Addie,Huaihe,120,Male
Cilka,Koźmin Wielkopolski,85,Female
Elvyn,High River,57,Male
Mady,Ampasimanolotra,23,Genderfluid
Humfrey,Kibara,20,Male
Alida,Vesoul,3,Female
Flora,Banjar Swastika,66,Agender
Cinderella,Néa Flogitá,5,Female
Ricard,Lindavista,94,Agender
Birgitta,Muroran,37,Female
Temple,Praia Grande,65,Male
Sollie,Tuanai,52,Male
Angel,El Hajeb,64,Male
Peyton,Oslo,120,Male
Wells,Mocho,75,Male
Darrick,Nelidovo,49,Male
Ty,Alfena,27,Male
Marquita,Tambir,118,Female
Marleah,Buganda,88,Female
Brittan,Nyazepetrovsk,65,Female
Marcellus,Nglengkir,12,Male
Deana,Bamusso,40,Female
Skipper,Bieniewice,71,Male
Brigitta,Matanza,59,Female
Celina,San Isidro,19,Female
Elianore,Prigi,114,Female
Lazare,Matviyivka,28,Male
Brucie,Korsakovo,96,Male
Anissa,Sultan Kudarat,91,Female
Kennie,Fundong,23,Male
Basil,Navashino,47,Bigender
Maddalena,Huilongshan,22,Female
Sybil,Cesvaine,64,Female
Hymie,Daxinshao,75,Male
Garik,Macapá,30,Male
Felice,Caledon,116,Female
Jard,Aguasay,23,Male
Kiah,Merdeka,14,Female
Ruby,Ōmagari,22,Male
Kipp,Merton,8,Female
Diane-marie,Libacao,98,Female
Cheston,Zhovti Vody,112,Non-binary
Rozanne,Tanxi,94,Female
Gabi,Nizhniy Lomov,107,Female
Giraud,Changsha,92,Male
Elyse,Cabiao,78,Female
Ulberto,Dayuan,99,Male
Stanly,Kŭrdzhali,119,Male
Laurianne,Taraš,78,Female
Berenice,Ciénaga de Oro,33,Female
Brena,Bantar,101,Female
Waite,Sendangkemulian,9,Male
Audrye,Pointe-à-Pitre,69,Female
Valenka,Barão de Cocais,82,Female
Cheri,Prengtale,26,Female
Clio,Springfield,68,Genderqueer
Monte,Cholet,29,Male
Alan,Jrashen,8,Male
Giacomo,Acacías,86,Male
Chev,Äänekoski,100,Male
Hildagarde,Motrico,12,Female
Mackenzie,Hanna,16,Male
Lora,Balzan,19,Female
Mercedes,Cầu Giấy,39,Female
Ulysses,Cullalabo del Sur,45,Polygender
Jeremiah,Guacarí,57,Male
Stacy,Polomolok,52,Male
Erhard,Lianovérgi,60,Male
Matt,Di Linh,111,Male
Lila,Rundeng,29,Female
Fiorenze,Yubilyeyny,13,Female
Ikey,Nikol’skoye,32,Male
Gottfried,Tehrān,21,Male
Jamima,Týnec,60,Female
Darsey,Luhyny,21,Female
Bennett,Zásmuky,58,Male
Jori,Kampene,120,Female
Mia,Tajumulco,84,Non-binary
Hedda,Chisht-e Sharīf,39,Female
My,Citeureup,107,Male
Nady,Sembalunbumbung,52,Female
Nicolais,Sankeyushu,102,Male
Maren,Marčelji,19,Female
Angie,Burbank,14,Male
Warden,Los Angeles,19,Male
Free,Austin,63,Male
Riannon,Lidingö,40,Female
Garald,Santa Bárbara,43,Male
Benedikt,Balgarevo,120,Male
Nickie,Baishi,66,Bigender
Noel,Kupiskis,51,Female
Petronella,Laya,36,Female
Giordano,Heishui,59,Male
Anselma,Jinshan,51,Female
Elke,Marugame,36,Female
Sherill,Yongheshi,112,Female
Freddi,Dzhiginka,74,Female
Wilt,Bayantal,54,Male
Dougie,Roliça,92,Male
Stanford,Tagapul-an,120,Male
Mischa,Rouen,90,Male
Casi,Obrenovac,93,Female
Rosemonde,Qiryat Motzkin,64,Female
Mead,São Vicente,19,Male
Amerigo,Jackson,47,Male
Ophelie,Tsákoi,97,Female
Almeria,Mobile,56,Female
Deana,Karangkedawung,101,Female
Emelda,Wolongquan,9,Female
Betteann,Loma Alta,119,Female
Deena,Évry,61,Female
Axel,Lukićevo,107,Male
Garrick,Skelleftehamn,99,Male
Erina,Wushan,7,Female
Veriee,Yongfu,99,Genderfluid
Antoni,Arwād,79,Male
Bernhard,Kiffa,119,Male
Kari,København,107,Female
Rebekah,Śmiłowo,102,Female
Livvie,Satita,99,Female
Gaye,Heichengzi,5,Female
Phil,Changshengqiao,55,Male
Archer,Rîbniţa,103,Male
Arnoldo,Jietou,112,Male
Winna,Papilawe,52,Female
Gena,Paldiski,88,Female
Veronica,Saki,23,Female
Manda,Namp’o,19,Genderqueer
Sorcha,Alverca do Ribatejo,15,Female
Nigel,Pirca,104,Male
Lyndel,Sapucaia,17,Female
Jacenta,Tworków,81,Female
Antone,Valdivia,40,Male
Marietta,Anniston,88,Female
Gilligan,Bakan,31,Female
Kennedy,Sukagawa,72,Male
